channel,seed,suggestion
google,china itinerary,china itinerary
google,china itinerary,china itinerary 10 days
google,china itinerary,china itinerary 7 days
google,china itinerary,china itinerary 2 weeks
google,china itinerary,china itinerary 14 days
google,china itinerary,china itinerary 3 weeks
google,china itinerary,china itinerary 15 days
google,china itinerary,china itinerary 5 days
google,china itinerary,china itinerary reddit
google,china itinerary,china itinerary 1 month
google,china itinerary 10 days,china itinerary 10 days from india
google,china itinerary 10 days,china itinerary 10 days with kids
google,china itinerary 10 days,china itinerary 10 days shanghai
google,china itinerary 10 days,china itinerary 10 days reddit
google,china itinerary 10 days,china itinerary 10 days chongqing
google,china itinerary 10 days,china in 10 days
google,china itinerary 10 days,chinese in 10 days pdf
google,china itinerary 10 days,chinese in 10 days
google,china itinerary 10 days,chinese in 10 days book
google,china itinerary 2 weeks,china itinerary 2 weeks reddit
google,china itinerary 2 weeks,china tour 2 weeks
google,china itinerary 2 weeks,china travel itinerary 2 weeks
google,china itinerary 2 weeks,south china itinerary 2 weeks
google,china itinerary 2 weeks,best china itinerary 2 weeks
google,china itinerary 2 weeks,china backpacking itinerary 2 weeks
google,china itinerary 2 weeks,southern china itinerary 2 weeks
google,china itinerary 2 weeks,china travel route 2 weeks
google,china itinerary 2 weeks,2 weeks in china where to go
google,china travel planner,china travel planner
google,china travel planner,china travel planner app
google,china travel planner,travel planner in chinese
google,china travel planner,china route planner
google,china travel planner,china trip planner app
google,china travel planner,china trip planner map
google,china travel planner,china journey planner
google,china travel planner,china travel plan
google,china travel planner,china travel guide
google,china travel planner,china travel guide book
google,china trip planning,china trip planning
google,china trip planning,china trip planning app
google,china trip planning,china travel planning
google,china trip planning,china tour planning
google,china trip planning,china trip planner
google,china trip planning,china trip plan from india
google,china trip planning,planning china trip reddit
google,china trip planning,china trip cost
google,first trip to china,first trip to china where to go
google,first trip to china,first trip to china
google,first trip to china,first trip to china itinerary
google,first trip to china,first trip to china reddit
google,first trip to china,first travel to china
google,first trip to china,first time to china
google,first trip to china,first time to china where should i go
google,first trip to china,first visit to china
google,first trip to china,first time to china beijing or shanghai
google,first trip to china,first time to china itinerary
google,china travel apps,china travel apps
google,china travel apps,china travel apps to download
google,china travel apps,china travel apps reddit
google,china travel apps,china tourist apps
google,china travel apps,china trip apps
google,china travel apps,china travel app guide
google,china travel apps,china travel app dolphin
google,china travel apps,essential china travel apps
google,china travel apps,top china travel apps
google,china travel apps,china travel must have apps
google,china travel payment,china travel payment methods
google,china travel payment,china travel payment
google,china travel payment,china travel guide payment
google,china travel payment,china cashless payments travel guide
google,china travel payment,china travel cost
google,china travel payment,china travel rules
google,china travel payment,china travel tips
google,china travel payment,china travel policy
google,china high speed train,china high speed train
google,china high speed train,china high speed train map
google,china high speed train,china high speed train seat map
google,china high speed train,china high speed train prohibited items
google,china high speed train,china high speed train first class
google,china high speed train,china high speed train tickets
google,china high speed train,china high speed train luggage allowance
google,china high speed train,china high speed train schedule
google,china high speed train,china high speed train wifi
google,china high speed train,china high speed train booking
google,china visa free travel,china visa free travel
google,china visa free travel,china visa free travel for us citizens
google,china visa free travel,china visa free travel uk
google,china visa free travel,china visa free travel countries
google,china visa free travel,china visa free travel for canadians
google,china visa free travel,china visa free travel 2027
google,china visa free travel,china visa free travel us
google,china visa free travel,china visa free travel for australians
google,china visa free travel,china visa free travel canada
google,china visa free travel,china visa free travel australia
google,shanghai itinerary,shanghai itinerary
google,shanghai itinerary,shanghai itinerary 4 days
google,shanghai itinerary,shanghai itinerary 7 days
google,shanghai itinerary,shanghai itinerary 2 days
google,shanghai itinerary,shanghai itinerary reddit
google,shanghai itinerary,shanghai itinerary 3 days
google,shanghai itinerary,shanghai itinerary 5 days
google,shanghai itinerary,shanghai itinerary with kids
google,shanghai itinerary,shanghai itinerary 10 days
google,shanghai itinerary,shanghai itinerary 7 days with kids
google,chongqing itinerary,chongqing itinerary
google,chongqing itinerary,chongqing itinerary 3 days
google,chongqing itinerary,chongqing itinerary reddit
google,chongqing itinerary,chongqing itinerary 4 days
google,chongqing itinerary,chongqing itinerary 1 day
google,chongqing itinerary,chongqing itinerary 5 days
google,chongqing itinerary,chongqing itinerary 7 days
google,chongqing itinerary,chongqing itinerary 2 days
google,chongqing itinerary,chongqing itinerary 6 days
google,chongqing itinerary,chongqing itinerary 3 days reddit
google,beijing itinerary,beijing itinerary
google,beijing itinerary,beijing itinerary 4 days
google,beijing itinerary,beijing itinerary 3 days
google,beijing itinerary,beijing itinerary 5 days
google,beijing itinerary,beijing itinerary 7 days
google,beijing itinerary,beijing itinerary reddit
google,beijing itinerary,beijing itinerary 10 days
google,beijing itinerary,beijing itinerary with kids
google,beijing itinerary,beijing itinerary 6 days
google,beijing itinerary,beijing itinerary 2 days
google,chengdu itinerary,chengdu itinerary
google,chengdu itinerary,chengdu itinerary reddit
google,chengdu itinerary,chengdu itinerary 3 days
google,chengdu itinerary,chengdu itinerary 7 days
google,chengdu itinerary,chengdu itinerary 5 days
google,chengdu itinerary,chengdu itinerary 4 days
google,chengdu itinerary,chengdu itinerary 2 days
google,chengdu itinerary,chengdu itinerary 10 days
google,chengdu itinerary,chengdu itinerary with kids
google,chengdu itinerary,chengdu itinerary 6 days
google,china family travel,china family travel
google,china family travel,china family travel boom summer tourism
google,china family travel,china family tour
google,china family travel,china family tour packages
google,china family travel,china family trip
google,china family travel,china family holidays
google,china family travel,china family vacation
google,china family travel,china family trip itinerary
google,china family travel,china family friendly travel
google,china family travel,china tour family friendly
youtube,china itinerary,china itinerary
youtube,china itinerary,china itinerary from india
youtube,china itinerary,china itinerary 14 days
youtube,china itinerary,china itinerary 10 days
youtube,china itinerary,china itinerary 7 days
youtube,china itinerary,china itinerary 15 days
youtube,china itinerary,china itinerary 1 month
youtube,china itinerary,china itinerary 2 weeks
youtube,china itinerary,china itinerary tamil
youtube,china itinerary,china itinerary hindi
youtube,china itinerary 10 days,china tour 10 days
youtube,china itinerary 10 days,learn chinese in 10 days
youtube,china itinerary 10 days,china build hospital in 10 days
youtube,china itinerary 10 days,china built hospital in 10 days
youtube,china itinerary 10 days,china hospital construction in 10 days time lapse
youtube,china itinerary 10 days,china build hospital in 10 days progress
youtube,china travel planner,china travel plan
youtube,china travel planner,china travel guide
youtube,china travel planner,china travel guide from india
youtube,china travel planner,china travel guide 2025
youtube,china travel planner,china travel guide malayalam
youtube,china travel planner,china travel guide tamil
youtube,china travel planner,china travel guide hindi
youtube,china travel planner,china travel guide 2026
youtube,china travel planner,china travel guide sinhala
youtube,china travel planner,china travel guide expedia
youtube,china trip planning,china trip planning
youtube,china trip planning,china tourism
youtube,china trip planning,how to visit china from us
youtube,china trip planning,china travel tips
youtube,first trip to china,first trip to china
youtube,first trip to china,first time to china
youtube,first trip to china,my first trip to china
youtube,first trip to china,first time travel to china
youtube,first trip to china,first class flight to china
youtube,first trip to china,first time come to china
youtube,first trip to china,indian girl first trip to china
youtube,china travel apps,china travel apps
youtube,china travel payment,china travel payment
youtube,china travel payment,china travel advice
youtube,china travel payment,china travel app
youtube,china high speed train,china high speed train
youtube,china high speed train,china high speed train second class
youtube,china high speed train,china high speed train business class
youtube,china high speed train,china high speed train first class
youtube,china high speed train,china high speed train passing through station
youtube,china high speed train,china high speed train pov
youtube,china high speed train,china high speed train experience
youtube,china high speed train,china high speed train station
youtube,china high speed train,china high speed train ride
youtube,china high speed train,china high speed train classes
youtube,china visa free travel,china visa free travel
youtube,china visa free travel,china visa free entry
youtube,china visa free travel,canada china visa free travel
youtube,china visa free travel,just in canada china visa free travel
youtube,china visa free travel,china visa free entry for pakistan
youtube,china visa free travel,china visa free transit
youtube,china visa free travel,china visa on arrival
youtube,shanghai itinerary,shanghai itinerary
youtube,shanghai itinerary,shanghai itinerary 3 days
youtube,shanghai itinerary,shanghai itinerary 4 days
youtube,shanghai itinerary,shanghai itinerary 7 days
youtube,shanghai itinerary,shanghai itinerary with kids
youtube,shanghai itinerary,shanghai itinerary 5 days
youtube,shanghai itinerary,shanghai beijing itinerary
youtube,shanghai itinerary,shanghai travel itinerary
youtube,shanghai itinerary,shanghai china itinerary
youtube,shanghai itinerary,shanghai disneyland itinerary
youtube,chongqing itinerary,chongqing itinerary
youtube,chongqing itinerary,chongqing itinerary 2025
youtube,chongqing itinerary,chongqing china itinerary
youtube,chongqing itinerary,chongqing 3 day itinerary
youtube,chongqing itinerary,chongqing 5 days itinerary
youtube,chongqing itinerary,chongqing 4 days itinerary
youtube,chongqing itinerary,chongqing 2 day itinerary
youtube,chongqing itinerary,chongqing guide
youtube,chongqing itinerary,chongqing trip
youtube,chongqing itinerary,chongqing view
youtube,beijing itinerary,beijing itinerary
youtube,beijing itinerary,beijing itinerary 2 days
youtube,beijing itinerary,beijing winter itinerary
youtube,beijing itinerary,beijing 3 day itinerary
youtube,chengdu itinerary,chengdu itinerary
youtube,chengdu itinerary,chengdu travel itinerary
youtube,chengdu itinerary,chengdu china
youtube,chengdu itinerary,chengdu china 4k
youtube,chengdu itinerary,chengdu
youtube,china family travel,china family travel vlog
youtube,china family travel,china family travel
youtube,china family travel,china family trip
youtube,china family travel,china family tour
youtube,china family travel,china traveller
youtube,china family travel,china for tourists
youtube,china family travel,china family
